year,lgID,tmID,franchID,confID,divID,rank,playoff,G,W,L,T,OTL,Pts,SoW,SoL,GF,GA,GoalDif,name,PIM,BenchMinor,PPG,PPC,PP%,SHA,PKG,PKC,PK%,SHF
1995,NHL,ANA,ANA,WC,PC,4,,82,35,39,8,,78,,,234,247,-13,Mighty Ducks of Anaheim,1707,22,60,426,14.084507042253522,5,81,423,19.148936170212767,10
1995,NHL,BOS,BOS,EC,NE,2,CQF,82,40,31,11,,91,,,282,269,13,Boston Bruins,1039,10,68,363,18.732782369146005,7,67,341,19.64809384164223,13
1995,NHL,BUF,BUF,EC,NE,5,,82,33,42,7,,73,,,247,262,-15,Buffalo Sabres,2195,14,76,477,15.932914046121594,12,74,461,16.052060737527114,10
1995,NHL,CAL,CAL,WC,PC,2,CQF,82,34,37,11,,79,,,241,240,1,Calgary Flames,1524,24,71,386,18.393782383419687,9,80,402,19.900497512437813,11
1995,NHL,CHI,CHI,WC,CE,2,CSF,82,40,28,14,,94,,,273,220,53,Chicago Blackhawks,1880,20,63,356,17.696629213483146,7,65,447,14.541387024608502,13
1995,NHL,COL,COL,WC,PC,1,SC,82,47,25,10,,104,,,326,240,86,Colorado Avalanche,1536,22,86,404,21.287128712871286,22,71,439,16.173120728929387,21
1995,NHL,DAL,DAL,WC,CE,6,,82,26,42,14,,66,,,227,280,-53,Dallas Stars,1652,12,67,443,15.124153498871332,20,82,418,19.617224880382775,8
1995,NHL,DET,DET,WC,CE,1,CF,82,62,13,7,,131,,,325,181,144,Detroit Red Wings,1551,18,97,455,21.318681318681318,9,44,375,11.733333333333333,17
1995,NHL,EDM,EDM,WC,PC,5,,82,30,44,8,,68,,,240,304,-64,Edmonton Oilers,1709,12,72,452,15.929203539823009,12,80,417,19.18465227817746,10
1995,NHL,FLO,FLO,EC,AT,3,F,82,41,31,10,,92,,,254,234,20,Florida Panthers,1494,16,81,468,17.307692307692307,12,63,370,17.027027027027028,11
1995,NHL,HAR,CAR,EC,NE,4,,82,34,39,9,,77,,,237,259,-22,Hartford Whalers,1844,18,67,372,18.010752688172044,9,83,429,19.34731934731935,8
1995,NHL,LAK,LAK,WC,PC,6,,82,24,40,18,,66,,,256,302,-46,Los Angeles Kings,1460,18,72,401,17.955112219451372,18,72,381,18.89763779527559,12
1995,NHL,MTL,MTL,EC,NE,3,CQF,82,40,32,10,,90,,,265,248,17,Montreal Canadiens,1847,34,77,405,19.012345679012345,11,68,382,17.801047120418847,15
1995,NHL,NJD,NJD,EC,AT,6,,82,37,33,12,,86,,,215,202,13,New Jersey Devils,1486,4,55,368,14.945652173913043,9,49,319,15.360501567398119,11
1995,NHL,NYI,NYI,EC,AT,7,,82,22,50,10,,54,,,229,315,-86,New York Islanders,1669,14,70,372,18.817204301075268,15,90,414,21.73913043478261,8
1995,NHL,NYR,NYR,EC,AT,2,CSF,82,41,27,14,,96,,,272,237,35,New York Rangers,1849,16,85,429,19.813519813519815,11,89,495,17.97979797979798,6
1995,NHL,OTT,OTT,EC,NE,6,,82,18,59,5,,41,,,191,291,-100,Ottawa Senators,1553,16,53,430,12.325581395348838,14,83,375,22.133333333333333,6
1995,NHL,PHI,PHI,EC,AT,1,CSF,82,45,24,13,,103,,,282,208,74,Philadelphia Flyers,1785,20,82,417,19.664268585131893,7,62,437,14.187643020594965,12
1995,NHL,PIT,PIT,EC,NE,1,CF,82,49,29,4,,102,,,362,284,78,Pittsburgh Penguins,1623,12,109,420,25.952380952380956,12,78,467,16.70235546038544,18
1995,NHL,SJS,SJS,WC,PC,7,,82,20,55,7,,47,,,252,357,-105,San Jose Sharks,1480,20,62,385,16.103896103896105,20,93,397,23.425692695214106,15
1995,NHL,STL,STL,WC,CE,4,CSF,82,32,34,16,,80,,,219,248,-29,St. Louis Blues,1823,26,74,448,16.517857142857142,8,82,482,17.012448132780083,11
1995,NHL,TBL,TBL,EC,AT,5,CQF,82,38,32,12,,88,,,238,248,-10,Tampa Bay Lightning,1628,14,83,400,20.75,13,68,439,15.489749430523919,6
1995,NHL,TOR,TOR,WC,CE,3,CQF,82,34,36,12,,80,,,247,252,-5,Toronto Maple Leafs,1742,18,83,438,18.949771689497716,9,70,403,17.3697270471464,11
1995,NHL,VAN,VAN,WC,PC,3,CQF,82,32,35,15,,79,,,278,278,0,Vancouver Canucks,1546,18,69,411,16.78832116788321,13,78,418,18.660287081339714,18
1995,NHL,WAS,WAS,EC,AT,4,CQF,82,39,32,11,,89,,,234,204,30,Washington Capitals,1553,14,63,403,15.632754342431761,7,67,385,17.402597402597404,12
1995,NHL,WIN,PHO,WC,CE,5,CQF,82,36,40,6,,78,,,275,291,-16,Winnipeg Jets,1622,18,82,417,19.664268585131893,12,88,430,20.46511627906977,10
1996,NHL,ANA,ANA,WC,PC,2,CSF,82,36,33,13,,85,,,245,233,12,Mighty Ducks of Anaheim,1710,22,56,333,16.816816816816818,11,62,336,18.452380952380953,9
1996,NHL,BOS,BOS,EC,NE,6,,82,26,47,9,,61,,,234,300,-66,Boston Bruins,1369,4,46,310,14.838709677419354,6,56,308,18.181818181818183,15
1996,NHL,BUF,BUF,EC,NE,1,CSF,82,40,30,12,,92,,,237,208,29,Buffalo Sabres,1840,12,43,326,13.190184049079754,4,59,364,16.208791208791208,16
1996,NHL,CAL,CAL,WC,PC,5,,82,32,41,9,,73,,,214,239,-25,Calgary Flames,1444,16,61,361,16.897506925207757,19,58,345,16.81159420289855,11
1996,NHL,CHI,CHI,WC,CE,5,CQF,82,34,35,13,,81,,,223,210,13,Chicago Blackhawks,1763,14,45,304,14.802631578947366,9,59,374,15.775401069518717,5
1996,NHL,COL,COL,WC,PC,1,CF,82,49,24,9,,107,,,277,205,72,Colorado Avalanche,1361,24,83,403,20.595533498759306,12,42,339,12.389380530973451,14
1996,NHL,DAL,DAL,WC,CE,1,CQF,82,48,26,8,,104,,,252,198,54,Dallas Stars,1325,10,46,314,14.64968152866242,9,51,308,16.558441558441558,11
1996,NHL,DET,DET,WC,CE,2,SC,82,38,26,18,,94,,,253,197,56,Detroit Red Wings,1582,12,66,368,17.934782608695652,8,46,346,13.294797687861271,10
1996,NHL,EDM,EDM,WC,PC,3,CSF,82,36,37,9,,81,,,252,247,5,Edmonton Oilers,1368,18,73,406,17.980295566502463,13,59,338,17.45562130177515,9
1996,NHL,FLO,FLO,EC,AT,3,CQF,82,35,28,19,,89,,,221,201,20,Florida Panthers,1628,20,50,352,14.204545454545455,17,50,346,14.450867052023122,5
1996,NHL,HAR,CAR,EC,NE,5,,82,32,39,11,,75,,,226,256,-30,Hartford Whalers,1513,18,58,321,18.06853582554517,11,51,332,15.36144578313253,12
1996,NHL,LAK,LAK,WC,PC,6,,82,28,43,11,,67,,,214,268,-54,Los Angeles Kings,1638,8,46,338,13.609467455621301,14,45,352,12.784090909090908,5
1996,NHL,MTL,MTL,EC,NE,4,CQF,82,31,36,15,,77,,,249,276,-27,Montreal Canadiens,1469,24,53,337,15.727002967359049,11,71,347,20.461095100864554,10
1996,NHL,NJD,NJD,EC,AT,1,CSF,82,45,23,14,,104,,,231,182,49,New Jersey Devils,1135,4,40,288,13.88888888888889,9,28,235,11.914893617021278,4
1996,NHL,NYI,NYI,EC,AT,7,,82,29,41,12,,70,,,240,250,-10,New York Islanders,1640,18,48,346,13.872832369942195,9,53,319,16.614420062695924,14
1996,NHL,NYR,NYR,EC,AT,4,CF,82,38,34,10,,86,,,258,231,27,New York Rangers,1481,14,63,287,21.951219512195124,5,69,344,20.058139534883722,15
1996,NHL,OTT,OTT,EC,NE,3,CQF,82,31,36,15,,77,,,226,234,-8,Ottawa Senators,1087,10,56,336,16.666666666666664,12,48,265,18.11320754716981,9
1996,NHL,PHI,PHI,EC,AT,2,F,82,45,24,13,,103,,,274,217,57,Philadelphia Flyers,1699,8,53,362,14.64088397790055,8,49,342,14.327485380116958,11
1996,NHL,PHO,PHO,WC,CE,3,CQF,82,38,37,7,,83,,,240,243,-3,Phoenix Coyotes,1582,16,65,359,18.105849582172702,14,47,334,14.071856287425149,9
1996,NHL,PIT,PIT,EC,NE,2,CQF,82,38,36,8,,84,,,285,280,5,Pittsburgh Penguins,1498,12,74,339,21.828908554572273,12,64,338,18.93491124260355,11
1996,NHL,SJS,SJS,WC,PC,7,,82,27,47,8,,62,,,211,278,-67,San Jose Sharks,2085,6,50,349,14.326647564469914,11,66,409,16.13691931540342,9
1996,NHL,STL,STL,WC,CE,4,CQF,82,36,35,11,,83,,,236,239,-3,St. Louis Blues,1336,24,50,327,15.29051987767584,8,55,332,16.566265060240966,9
1996,NHL,TBL,TBL,EC,AT,6,,82,32,40,10,,74,,,217,247,-30,Tampa Bay Lightning,1686,10,47,340,13.823529411764707,9,55,361,15.23545706371191,13
1996,NHL,TOR,TOR,WC,CE,6,,82,30,44,8,,68,,,230,273,-43,Toronto Maple Leafs,1331,12,48,309,15.53398058252427,8,59,328,17.98780487804878,11
1996,NHL,VAN,VAN,WC,PC,4,,82,35,40,7,,77,,,257,273,-16,Vancouver Canucks,1607,22,51,303,16.831683168316832,8,66,344,19.186046511627907,12
1996,NHL,WAS,WAS,EC,AT,5,,82,33,40,9,,75,,,214,231,-17,Washington Capitals,1652,28,51,322,15.838509316770185,10,54,354,15.254237288135593,8
1997,NHL,ANA,ANA,WC,PC,6,,82,26,43,13,,65,,,205,261,-56,Mighty Ducks of Anaheim,1843,10,46,392,11.73469387755102,10,72,396,18.181818181818183,9
1997,NHL,BOS,BOS,EC,NE,2,CQF,82,39,30,13,,91,,,221,194,27,Boston Bruins,1117,12,62,359,17.270194986072422,3,44,285,15.43859649122807,5
1997,NHL,BUF,BUF,EC,NE,3,CF,82,36,29,17,,89,,,211,187,24,Buffalo Sabres,1768,16,51,396,12.878787878787879,12,65,413,15.738498789346247,15
1997,NHL,CAL,CAL,WC,PC,5,,82,26,41,15,,67,,,217,252,-35,Calgary Flames,1859,10,43,356,12.07865168539326,13,69,430,16.046511627906977,18
1997,NHL,CAR,CAR,EC,NE,6,,82,33,41,8,,74,,,200,219,-19,Carolina Hurricanes,1455,12,50,378,13.227513227513226,10,58,391,14.83375959079284,8
1997,NHL,CHI,CHI,WC,CE,5,,82,30,39,13,,73,,,192,199,-7,Chicago Blackhawks,1546,12,47,364,12.912087912087914,5,58,381,15.223097112860891,13
1997,NHL,COL,COL,WC,PC,1,CQF,82,39,26,17,,95,,,231,205,26,Colorado Avalanche,1729,24,74,425,17.41176470588235,12,53,410,12.926829268292684,8
1997,NHL,DAL,DAL,WC,CE,1,CF,82,49,22,11,,109,,,242,167,75,Dallas Stars,1301,14,77,385,20.0,9,42,351,11.965811965811966,11
1997,NHL,DET,DET,WC,CE,2,SC,82,44,23,15,,103,,,250,196,54,Detroit Red Wings,1346,12,67,381,17.585301837270343,7,51,376,13.563829787234042,8
1997,NHL,EDM,EDM,WC,PC,3,CSF,82,35,37,10,,80,,,215,224,-9,Edmonton Oilers,1690,10,77,483,15.942028985507244,11,66,406,16.25615763546798,10
1997,NHL,FLO,FLO,EC,AT,6,,82,24,43,15,,63,,,203,256,-53,Florida Panthers,1676,20,55,409,13.447432762836186,16,82,403,20.34739454094293,12
1997,NHL,LAK,LAK,WC,PC,2,CQF,82,38,33,11,,87,,,227,225,2,Los Angeles Kings,1763,22,52,366,14.207650273224044,12,63,399,15.789473684210526,10
1997,NHL,MTL,MTL,EC,NE,4,CSF,82,37,32,13,,87,,,235,208,27,Montreal Canadiens,1547,16,68,372,18.27956989247312,8,62,401,15.46134663341646,13
1997,NHL,NJD,NJD,EC,AT,1,CQF,82,48,23,11,,107,,,225,166,59,New Jersey Devils,1488,8,63,333,18.91891891891892,9,41,309,13.268608414239482,4
1997,NHL,NYI,NYI,EC,AT,4,,82,30,41,11,,71,,,212,225,-13,New York Islanders,1646,10,61,364,16.758241758241756,16,54,384,14.0625,11
1997,NHL,NYR,NYR,EC,AT,5,,82,25,39,18,,68,,,197,231,-34,New York Rangers,1548,12,62,351,17.663817663817664,13,55,376,14.627659574468085,0
1997,NHL,OTT,OTT,EC,NE,5,CSF,82,34,33,15,,83,,,193,200,-7,Ottawa Senators,1091,14,48,375,12.8,9,47,303,15.51155115511551,6
1997,NHL,PHI,PHI,EC,AT,2,CQF,82,42,29,11,,95,,,242,193,49,Philadelphia Flyers,1766,18,71,399,17.794486215538846,9,51,382,13.350785340314136,7
1997,NHL,PHO,PHO,WC,CE,4,CQF,82,35,35,12,,82,,,224,227,-3,Phoenix Coyotes,1602,20,57,384,14.84375,6,66,408,16.176470588235293,10
1997,NHL,PIT,PIT,EC,NE,1,CQF,82,40,24,18,,98,,,228,188,40,Pittsburgh Penguins,1225,10,67,407,16.461916461916463,16,46,338,13.609467455621301,11
1997,NHL,SJS,SJS,WC,PC,4,CQF,82,34,38,10,,78,,,210,216,-6,San Jose Sharks,1417,20,54,400,13.5,5,59,398,14.824120603015075,10
1997,NHL,STL,STL,WC,CE,3,CSF,82,45,29,8,,98,,,256,204,52,St. Louis Blues,1414,8,62,368,16.847826086956523,4,49,367,13.35149863760218,12
1997,NHL,TBL,TBL,EC,AT,7,,82,17,55,10,,44,,,151,269,-118,Tampa Bay Lightning,1823,12,33,353,9.34844192634561,16,72,410,17.560975609756095,11
1997,NHL,TOR,TOR,WC,CE,6,,82,30,43,9,,69,,,194,237,-43,Toronto Maple Leafs,1481,6,41,359,11.420612813370473,13,50,372,13.440860215053762,5
1997,NHL,VAN,VAN,WC,PC,7,,82,25,43,14,,64,,,224,273,-49,Vancouver Canucks,2166,18,48,373,12.868632707774799,12,77,432,17.824074074074073,19
1997,NHL,WAS,WAS,EC,AT,3,F,82,40,30,12,,92,,,219,202,17,Washington Capitals,1198,2,55,350,15.714285714285714,4,39,361,10.80332409972299,14
1998,NHL,ANA,ANA,WC,PC,3,CQF,82,35,34,13,,83,,,215,206,9,Mighty Ducks of Anaheim,1323,14,83,378,21.957671957671955,7,60,387,15.503875968992247,6
1998,NHL,BOS,BOS,EC,NE,3,CSF,82,39,30,13,,91,,,214,181,33,Boston Bruins,1182,6,65,368,17.66304347826087,9,33,305,10.819672131147541,3
1998,NHL,BUF,BUF,EC,NE,4,F,82,37,28,17,,91,,,207,175,32,Buffalo Sabres,1561,16,49,363,13.498622589531681,7,55,399,13.784461152882205,6
1998,NHL,CAL,CAL,WC,NW,3,,82,30,40,12,,72,,,211,234,-23,Calgary Flames,1389,8,51,357,14.285714285714285,6,78,386,20.207253886010363,12
1998,NHL,CAR,CAR,EC,SE,1,CQF,82,34,30,18,,86,,,210,202,8,Carolina Hurricanes,1158,10,42,382,10.99476439790576,6,51,346,14.739884393063585,5
1998,NHL,CHI,CHI,WC,CE,3,,82,29,41,12,,70,,,202,248,-46,Chicago Blackhawks,1807,8,50,335,14.925373134328357,10,80,405,19.753086419753085,8
1998,NHL,COL,COL,WC,NW,1,CF,82,44,28,10,,98,,,239,205,34,Colorado Avalanche,1619,14,71,375,18.933333333333334,12,63,386,16.321243523316063,7
1998,NHL,DAL,DAL,WC,PC,1,SC,82,51,19,12,,114,,,236,168,68,Dallas Stars,1108,8,74,393,18.829516539440203,4,43,319,13.479623824451412,6
1998,NHL,DET,DET,WC,CE,1,CSF,82,43,32,7,,93,,,245,202,43,Detroit Red Wings,1202,10,67,415,16.14457831325301,7,45,355,12.676056338028168,14
1998,NHL,EDM,EDM,WC,NW,2,CQF,82,33,37,12,,78,,,230,226,4,Edmonton Oilers,1373,12,63,438,14.383561643835616,10,67,374,17.914438502673796,8
1998,NHL,FLO,FLO,EC,SE,2,,82,30,34,18,,78,,,210,228,-18,Florida Panthers,1522,18,51,380,13.421052631578947,11,67,370,18.10810810810811,10
1998,NHL,LAK,LAK,WC,PC,5,,82,32,45,5,,69,,,189,222,-33,Los Angeles Kings,1383,14,43,327,13.149847094801222,11,47,330,14.242424242424242,12
1998,NHL,MTL,MTL,EC,NE,5,,82,32,39,11,,75,,,184,209,-25,Montreal Canadiens,1299,14,50,344,14.534883720930234,10,44,344,12.790697674418606,8
1998,NHL,NAS,NAS,WC,CE,4,,82,28,47,7,,63,,,190,261,-71,Nashville Predators,1420,14,40,324,12.345679012345679,10,75,357,21.008403361344538,7
1998,NHL,NJD,NJD,EC,AT,1,CQF,82,47,24,11,,105,,,248,196,52,New Jersey Devils,1355,14,60,304,19.736842105263158,5,47,325,14.461538461538462,7
1998,NHL,NYI,NYI,EC,AT,5,,82,24,48,10,,58,,,194,244,-50,New York Islanders,1111,22,54,341,15.835777126099707,7,60,363,16.528925619834713,8
1998,NHL,NYR,NYR,EC,AT,4,,82,33,38,11,,77,,,217,227,-10,New York Rangers,1087,14,71,348,20.402298850574713,9,48,336,14.285714285714285,7
1998,NHL,OTT,OTT,EC,NE,1,CQF,82,44,23,15,,103,,,239,179,60,Ottawa Senators,892,12,59,397,14.86146095717884,13,44,317,13.880126182965299,6
1998,NHL,PHI,PHI,EC,AT,2,CQF,82,37,26,19,,93,,,231,196,35,Philadelphia Flyers,1075,12,65,386,16.83937823834197,7,53,333,15.915915915915916,4
1998,NHL,PHO,PHO,WC,PC,2,CQF,82,39,31,12,,90,,,205,197,8,Phoenix Coyotes,1412,12,41,342,11.988304093567251,5,45,348,12.931034482758621,8
1998,NHL,PIT,PIT,EC,AT,3,CSF,82,38,30,14,,90,,,242,225,17,Pittsburgh Penguins,977,12,65,363,17.90633608815427,14,56,302,18.543046357615893,10
1998,NHL,SJS,SJS,WC,PC,4,CQF,82,31,33,18,,80,,,196,191,5,San Jose Sharks,1423,10,53,399,13.283208020050125,4,61,407,14.987714987714988,8
1998,NHL,STL,STL,WC,CE,2,CSF,82,37,32,13,,87,,,237,209,28,St. Louis Blues,1308,6,61,301,20.26578073089701,4,47,387,12.144702842377262,7
1998,NHL,TBL,TBL,EC,SE,4,,82,19,54,9,,47,,,179,292,-113,Tampa Bay Lightning,1316,10,43,310,13.870967741935484,10,68,387,17.571059431524546,11
1998,NHL,TOR,TOR,EC,NE,2,CF,82,45,30,7,,97,,,268,231,37,Toronto Maple Leafs,1095,16,53,367,14.441416893732969,6,64,325,19.692307692307693,7
1998,NHL,VAN,VAN,WC,NW,4,,82,23,47,12,,58,,,192,258,-66,Vancouver Canucks,1764,16,57,358,15.921787709497206,9,77,450,17.11111111111111,17
1998,NHL,WAS,WAS,EC,SE,3,,82,31,45,6,,68,,,200,218,-18,Washington Capitals,1381,6,52,301,17.275747508305646,7,55,353,15.58073654390935,8
1999,NHL,ANA,ANA,WC,PC,5,,82,34,33,12,3,83,,,217,227,-10,Mighty Ducks of Anaheim,926,8,55,332,16.566265060240966,8,62,296,20.945945945945947,4
1999,NHL,ATL,WPG,EC,SE,5,,82,14,57,7,4,39,,,170,313,-143,Atlanta Thrashers,1422,16,44,348,12.643678160919542,13,76,386,19.689119170984455,6
1999,NHL,BOS,BOS,EC,NE,5,,82,24,33,19,6,73,,,210,248,-38,Boston Bruins,865,6,51,355,14.366197183098592,4,55,268,20.522388059701495,0
1999,NHL,BUF,BUF,EC,NE,3,CQF,82,35,32,11,4,85,,,213,204,9,Buffalo Sabres,1173,10,37,351,10.541310541310542,10,54,361,14.958448753462603,8
1999,NHL,CAL,CAL,WC,NW,4,,82,31,36,10,5,77,,,211,256,-45,Calgary Flames,1267,8,59,330,17.87878787878788,8,74,365,20.273972602739725,4
1999,NHL,CAR,CAR,EC,SE,3,,82,37,35,10,0,84,,,217,216,1,Carolina Hurricanes,799,4,58,342,16.95906432748538,7,40,253,15.810276679841898,3
1999,NHL,CHI,CHI,WC,CE,3,,82,33,37,10,2,78,,,242,245,-3,Chicago Blackhawks,1444,20,52,325,16.0,13,58,355,16.338028169014084,10
1999,NHL,COL,COL,WC,NW,1,CF,82,42,28,11,1,96,,,233,201,32,Colorado Avalanche,1118,18,59,302,19.5364238410596,7,52,335,15.522388059701491,3
1999,NHL,DAL,DAL,WC,PC,1,F,82,43,23,10,6,102,,,211,184,27,Dallas Stars,1029,12,54,343,15.743440233236154,9,33,307,10.749185667752444,9
1999,NHL,DET,DET,WC,CE,2,CSF,82,48,22,10,2,108,,,278,210,68,Detroit Red Wings,1014,20,69,338,20.414201183431953,6,44,311,14.14790996784566,15
1999,NHL,EDM,EDM,WC,NW,2,CQF,82,32,26,16,8,88,,,226,212,14,Edmonton Oilers,1344,16,53,336,15.773809523809524,4,54,369,14.634146341463413,9
1999,NHL,FLO,FLO,EC,SE,2,CQF,82,43,27,6,6,98,,,244,209,35,Florida Panthers,1329,18,58,338,17.159763313609467,8,47,323,14.551083591331269,2
1999,NHL,LAK,LAK,WC,PC,2,CQF,82,39,27,12,4,94,,,245,228,17,Los Angeles Kings,1313,4,60,356,16.853932584269664,12,66,373,17.694369973190348,4
1999,NHL,MTL,MTL,EC,NE,4,,82,35,34,9,4,83,,,196,194,2,Montreal Canadiens,1067,14,54,323,16.718266253869967,8,40,302,13.245033112582782,7
1999,NHL,NAS,NAS,WC,CE,4,,82,28,40,7,7,70,,,199,240,-41,Nashville Predators,946,14,41,304,13.486842105263158,11,46,309,14.886731391585762,9
1999,NHL,NJD,NJD,EC,AT,2,SC,82,45,24,8,5,103,,,251,203,48,New Jersey Devils,1313,22,55,274,20.072992700729927,9,39,313,12.460063897763577,9
1999,NHL,NYI,NYI,EC,AT,5,,82,24,48,9,1,58,,,194,275,-81,New York Islanders,1376,8,45,319,14.106583072100312,8,84,419,20.047732696897373,8
1999,NHL,NYR,NYR,EC,AT,4,,82,29,38,12,3,73,,,218,246,-28,New York Rangers,916,4,55,325,16.923076923076923,9,49,292,16.78082191780822,5
1999,NHL,OTT,OTT,EC,NE,2,CQF,82,41,28,11,2,95,,,244,210,34,Ottawa Senators,850,14,52,310,16.7741935483871,8,34,273,12.454212454212454,6
1999,NHL,PHI,PHI,EC,AT,1,CF,82,45,22,12,3,105,,,237,179,58,Philadelphia Flyers,1233,8,69,340,20.294117647058822,7,42,316,13.291139240506327,7
1999,NHL,PHO,PHO,WC,PC,3,CQF,82,39,31,8,4,90,,,232,228,4,Phoenix Coyotes,940,12,37,310,11.935483870967742,7,43,306,14.052287581699346,14
1999,NHL,PIT,PIT,EC,AT,3,CSF,82,37,31,8,6,88,,,241,236,5,Pittsburgh Penguins,1221,16,54,346,15.606936416184972,11,56,321,17.445482866043612,7
1999,NHL,SJS,SJS,WC,PC,4,CSF,82,35,30,10,7,87,,,225,214,11,San Jose Sharks,1292,6,62,377,16.445623342175068,4,61,372,16.397849462365592,16
1999,NHL,STL,STL,WC,CE,1,CQF,82,51,19,11,1,114,,,248,165,83,St. Louis Blues,1139,22,61,342,17.83625730994152,3,42,345,12.173913043478262,13
1999,NHL,TBL,TBL,EC,SE,4,,82,19,47,9,7,54,,,204,310,-106,Tampa Bay Lightning,1733,20,51,365,13.972602739726028,7,77,399,19.298245614035086,9
1999,NHL,TOR,TOR,EC,NE,1,CSF,82,45,27,7,3,100,,,246,222,24,Toronto Maple Leafs,1103,12,57,321,17.75700934579439,5,58,330,17.575757575757574,11
1999,NHL,VAN,VAN,WC,NW,3,,82,30,29,15,8,83,,,227,237,-10,Vancouver Canucks,1047,22,51,323,15.789473684210526,7,63,322,19.565217391304348,9
1999,NHL,WAS,WAS,EC,SE,1,CQF,82,44,24,12,2,102,,,227,194,33,Washington Capitals,994,14,43,286,15.034965034965033,3,47,340,13.823529411764707,9
2000,NHL,ANA,ANA,WC,PC,5,,82,25,41,11,5,66,,,188,245,-57,Mighty Ducks of Anaheim,1136,12,66,373,17.694369973190348,13,71,390,18.205128205128204,6
2000,NHL,ATL,WPG,EC,SE,4,,82,23,45,12,2,60,,,211,289,-78,Atlanta Thrashers,1500,6,54,395,13.670886075949367,8,90,408,22.058823529411764,9
2000,NHL,BOS,BOS,EC,NE,4,,82,36,30,8,8,88,,,227,249,-22,Boston Bruins,1325,18,64,390,16.41025641025641,7,65,377,17.24137931034483,8
2000,NHL,BUF,BUF,EC,NE,2,CSF,82,46,30,5,1,98,,,218,184,34,Buffalo Sabres,1249,8,60,373,16.0857908847185,5,40,334,11.976047904191617,6
2000,NHL,CAL,CAL,WC,NW,4,,82,27,36,15,4,73,,,197,236,-39,Calgary Flames,1376,14,65,435,14.942528735632186,11,76,378,20.105820105820104,3
2000,NHL,CAR,CAR,EC,SE,2,CQF,82,38,32,9,3,88,,,212,225,-13,Carolina Hurricanes,1083,10,72,382,18.848167539267017,16,45,351,12.82051282051282,6
2000,NHL,CBS,CBS,WC,CE,5,,82,28,39,9,6,71,,,190,233,-43,Columbus Blue Jackets,1234,20,56,381,14.698162729658792,8,70,363,19.28374655647383,3
2000,NHL,CHI,CHI,WC,CE,4,,82,29,40,8,5,71,,,210,246,-36,Chicago Blackhawks,1001,24,41,318,12.89308176100629,12,52,323,16.09907120743034,15
2000,NHL,COL,COL,WC,NW,1,SC,82,52,16,10,4,118,,,270,192,78,Colorado Avalanche,1138,16,80,363,22.03856749311295,11,59,342,17.251461988304094,11
2000,NHL,DAL,DAL,WC,PC,1,CSF,82,48,24,8,2,106,,,241,187,54,Dallas Stars,1041,10,72,367,19.618528610354225,7,49,355,13.802816901408452,7
2000,NHL,DET,DET,WC,CE,1,CQF,82,49,20,9,4,111,,,253,202,51,Detroit Red Wings,1082,20,85,384,22.135416666666664,7,55,385,14.285714285714285,10
2000,NHL,EDM,EDM,WC,NW,2,CQF,82,39,28,12,3,93,,,243,222,21,Edmonton Oilers,1287,10,59,398,14.824120603015075,4,62,382,16.230366492146597,13
2000,NHL,FLO,FLO,EC,SE,3,,82,22,38,13,9,66,,,200,246,-46,Florida Panthers,1509,10,46,353,13.031161473087819,13,64,398,16.08040201005025,8
2000,NHL,LAK,LAK,WC,PC,3,CSF,82,38,28,13,3,92,,,252,228,24,Los Angeles Kings,1196,20,71,367,19.346049046321525,6,72,382,18.848167539267017,14
2000,NHL,MIN,MIN,WC,NW,5,,82,25,39,13,5,68,,,168,210,-42,Minnesota Wild,1200,26,36,374,9.62566844919786,14,57,373,15.281501340482572,13
2000,NHL,MTL,MTL,EC,NE,5,,82,28,40,8,6,70,,,206,232,-26,Montreal Canadiens,1020,18,68,421,16.152019002375297,3,60,337,17.804154302670625,5
2000,NHL,NAS,NAS,WC,CE,3,,82,34,36,9,3,80,,,186,200,-14,Nashville Predators,944,8,51,361,14.127423822714682,4,49,331,14.803625377643503,7
2000,NHL,NJD,NJD,EC,AT,1,F,82,48,19,12,3,111,,,295,195,100,New Jersey Devils,1235,18,71,310,22.903225806451612,6,49,320,15.312500000000002,9
2000,NHL,NYI,NYI,EC,AT,5,,82,21,51,7,3,52,,,185,268,-83,New York Islanders,1339,14,51,386,13.21243523316062,14,79,445,17.752808988764045,9
2000,NHL,NYR,NYR,EC,AT,4,,82,33,43,5,1,72,,,250,290,-40,New York Rangers,1522,18,65,363,17.90633608815427,12,86,400,21.5,16
2000,NHL,OTT,OTT,EC,NE,1,CQF,82,48,21,9,4,109,,,274,205,69,Ottawa Senators,1062,10,71,381,18.635170603674542,5,49,361,13.573407202216067,10
2000,NHL,PHI,PHI,EC,AT,2,CQF,82,43,25,11,3,100,,,240,207,33,Philadelphia Flyers,1183,8,55,350,15.714285714285714,9,55,314,17.51592356687898,11
2000,NHL,PHO,PHO,WC,PC,4,,82,35,27,17,3,90,,,214,212,2,Phoenix Coyotes,1337,12,57,343,16.61807580174927,6,64,432,14.814814814814813,9
2000,NHL,PIT,PIT,EC,AT,3,CF,82,42,28,9,3,96,,,281,256,25,Pittsburgh Penguins,1585,12,76,375,20.266666666666666,11,78,405,19.25925925925926,7
2000,NHL,SJS,SJS,WC,PC,2,CQF,82,40,27,12,3,95,,,217,192,25,San Jose Sharks,1364,10,57,406,14.039408866995073,10,61,441,13.83219954648526,8
2000,NHL,STL,STL,WC,CE,2,CF,82,43,22,12,5,103,,,249,195,54,St. Louis Blues,1345,14,72,385,18.7012987012987,7,57,389,14.652956298200515,15
2000,NHL,TBL,TBL,EC,SE,5,,82,24,47,6,5,59,,,201,280,-79,Tampa Bay Lightning,1404,20,53,424,12.5,11,72,422,17.061611374407583,9
2000,NHL,TOR,TOR,EC,NE,3,CSF,82,37,29,11,5,90,,,232,207,25,Toronto Maple Leafs,1430,6,57,355,16.056338028169016,9,55,366,15.027322404371585,2
2000,NHL,VAN,VAN,WC,NW,3,CQF,82,36,28,11,7,90,,,239,238,1,Vancouver Canucks,1113,22,71,416,17.067307692307693,11,74,387,19.12144702842377,12
2000,NHL,WAS,WAS,EC,SE,1,CQF,82,41,27,10,4,96,,,233,211,22,Washington Capitals,1141,10,75,353,21.246458923512748,7,62,391,15.856777493606138,6
2001,NHL,ANA,ANA,WC,PC,5,,82,29,42,8,3,69,,,175,198,-23,Mighty Ducks of Anaheim,1254,14,43,373,11.528150134048257,9,46,330,13.939393939393941,4
2001,NHL,ATL,WPG,EC,SE,5,,82,19,47,11,5,54,,,187,288,-101,Atlanta Thrashers,1290,22,37,306,12.091503267973856,12,65,358,18.156424581005588,3
2001,NHL,BOS,BOS,EC,NE,1,CQF,82,43,24,6,9,101,,,236,201,35,Boston Bruins,1454,12,39,283,13.780918727915195,5,45,348,12.931034482758621,14
2001,NHL,BUF,BUF,EC,NE,5,,82,35,35,11,1,82,,,213,200,13,Buffalo Sabres,1217,16,50,374,13.368983957219251,6,41,304,13.486842105263158,7
2001,NHL,CAL,CAL,WC,NW,4,,82,32,35,12,3,79,,,201,220,-19,Calgary Flames,1586,12,55,364,15.10989010989011,5,66,356,18.53932584269663,10
2001,NHL,CAR,CAR,EC,SE,1,F,82,35,26,16,5,91,,,217,217,0,Carolina Hurricanes,1022,12,63,390,16.153846153846153,11,54,332,16.265060240963855,4
2001,NHL,CBS,CBS,WC,CE,5,,82,22,47,8,5,57,,,164,255,-91,Columbus Blue Jackets,1198,14,50,356,14.04494382022472,8,52,306,16.99346405228758,3
2001,NHL,CHI,CHI,WC,CE,3,CQF,82,41,27,13,1,96,,,216,207,9,Chicago Blackhawks,1234,10,54,302,17.880794701986755,2,63,340,18.529411764705884,4
2001,NHL,COL,COL,WC,NW,1,CF,82,45,28,8,1,99,,,212,169,43,Colorado Avalanche,1007,10,62,344,18.023255813953487,7,41,315,13.015873015873018,7
2001,NHL,DAL,DAL,WC,PC,4,,82,36,28,13,5,90,,,215,213,2,Dallas Stars,959,12,60,350,17.142857142857142,8,59,319,18.495297805642632,7
2001,NHL,DET,DET,WC,CE,1,SC,82,51,17,10,4,116,,,251,187,64,Detroit Red Wings,1053,10,73,359,20.334261838440113,7,48,343,13.994169096209912,9
2001,NHL,EDM,EDM,WC,NW,3,,82,38,28,12,4,92,,,205,182,23,Edmonton Oilers,1267,6,51,333,15.315315315315313,7,50,348,14.367816091954023,12
2001,NHL,FLO,FLO,EC,SE,4,,82,22,44,10,6,60,,,180,250,-70,Florida Panthers,1994,26,50,341,14.66275659824047,7,76,393,19.338422391857506,8
2001,NHL,LAK,LAK,WC,PC,3,CQF,82,40,27,11,4,95,,,214,190,24,Los Angeles Kings,1348,16,73,353,20.679886685552407,6,49,366,13.387978142076504,5
2001,NHL,MIN,MIN,WC,NW,5,,82,26,35,12,9,73,,,195,238,-43,Minnesota Wild,1209,16,55,373,14.745308310991955,9,62,362,17.12707182320442,11
2001,NHL,MTL,MTL,EC,NE,4,CSF,82,36,31,12,3,87,,,207,209,-2,Montreal Canadiens,974,24,45,301,14.950166112956811,4,38,276,13.768115942028986,7
2001,NHL,NAS,NAS,WC,CE,4,,82,28,41,13,0,69,,,196,230,-34,Nashville Predators,1071,20,48,337,14.243323442136498,8,50,354,14.124293785310735,6
2001,NHL,NJD,NJD,EC,AT,3,CQF,82,41,28,9,4,95,,,205,187,18,New Jersey Devils,1010,18,44,261,16.85823754789272,8,43,264,16.28787878787879,2
2001,NHL,NYI,NYI,EC,AT,2,CQF,82,42,28,8,4,96,,,239,220,19,New York Islanders,1255,14,59,363,16.2534435261708,10,52,366,14.207650273224044,17
2001,NHL,NYR,NYR,EC,AT,4,,82,36,38,4,4,80,,,227,258,-31,New York Rangers,1753,10,48,326,14.723926380368098,5,80,398,20.100502512562816,8
2001,NHL,OTT,OTT,EC,NE,3,CSF,82,39,27,9,7,94,,,243,208,35,Ottawa Senators,1347,16,55,331,16.61631419939577,5,48,307,15.63517915309446,11
2001,NHL,PHI,PHI,EC,AT,1,CQF,82,42,27,10,3,97,,,234,192,42,Philadelphia Flyers,1242,16,39,299,13.043478260869565,10,40,293,13.651877133105803,8
2001,NHL,PHO,PHO,WC,PC,2,CQF,82,40,27,9,6,95,,,228,210,18,Phoenix Coyotes,1154,16,53,341,15.542521994134898,6,60,356,16.853932584269664,8
2001,NHL,PIT,PIT,EC,AT,5,,82,28,41,8,5,69,,,198,249,-51,Pittsburgh Penguins,1248,16,47,335,14.029850746268657,10,57,352,16.193181818181817,5
2001,NHL,SJS,SJS,WC,PC,1,CSF,82,44,27,8,3,99,,,248,199,49,San Jose Sharks,1249,8,59,368,16.032608695652172,6,54,380,14.210526315789473,15
2001,NHL,STL,STL,WC,CE,2,CSF,82,43,27,8,4,98,,,227,188,39,St. Louis Blues,1343,26,62,356,17.415730337078653,7,56,379,14.775725593667547,5
2001,NHL,TBL,TBL,EC,SE,3,,82,27,40,11,4,69,,,178,219,-41,Tampa Bay Lightning,1072,22,46,311,14.790996784565916,9,40,273,14.652014652014653,6
2001,NHL,TOR,TOR,EC,NE,2,CF,82,43,25,10,4,100,,,249,207,42,Toronto Maple Leafs,1212,12,54,349,15.472779369627506,6,51,328,15.548780487804878,9
2001,NHL,VAN,VAN,WC,NW,2,CQF,82,42,30,7,3,94,,,254,211,43,Vancouver Canucks,1342,28,69,372,18.548387096774192,9,57,379,15.03957783641161,3
2001,NHL,WAS,WAS,EC,SE,2,,82,36,33,11,2,85,,,228,240,-12,Washington Capitals,1043,6,58,299,19.39799331103679,8,58,325,17.846153846153847,2
2002,NHL,ANA,ANA,WC,PC,2,F,82,40,27,9,6,95,,,203,193,10,Mighty Ducks of Anaheim,954,20,56,348,16.091954022988507,5,42,333,12.612612612612612,8
2002,NHL,ATL,WPG,EC,SE,3,,82,31,39,7,5,74,,,226,284,-58,Atlanta Thrashers,1253,26,64,371,17.25067385444744,14,65,355,18.30985915492958,8
2002,NHL,BOS,BOS,EC,NE,3,CQF,82,36,31,11,4,87,,,245,237,8,Boston Bruins,1370,24,59,325,18.153846153846153,11,65,375,17.333333333333336,10
2002,NHL,BUF,BUF,EC,NE,5,,82,27,37,10,8,72,,,190,219,-29,Buffalo Sabres,1276,30,51,354,14.40677966101695,11,53,363,14.600550964187327,8
2002,NHL,CAL,CAL,WC,NW,5,,82,29,36,13,4,75,,,186,228,-42,Calgary Flames,1391,22,47,389,12.082262210796916,10,65,389,16.709511568123396,5
2002,NHL,CAR,CAR,EC,SE,5,,82,22,43,11,6,61,,,171,240,-69,Carolina Hurricanes,1208,16,58,420,13.80952380952381,9,71,392,18.112244897959183,6
2002,NHL,CBS,CBS,WC,CE,5,,82,29,42,8,3,69,,,213,263,-50,Columbus Blue Jackets,1505,28,71,410,17.317073170731707,9,60,409,14.66992665036675,12
2002,NHL,CHI,CHI,WC,CE,3,,82,30,33,13,6,79,,,207,226,-19,Chicago Blackhawks,1189,30,39,308,12.662337662337661,8,56,369,15.176151761517614,8
2002,NHL,COL,COL,WC,NW,1,CQF,82,42,19,13,8,105,,,251,194,57,Colorado Avalanche,1084,24,68,363,18.732782369146005,6,63,359,17.548746518105848,5
2002,NHL,DAL,DAL,WC,PC,1,CSF,82,46,17,15,4,111,,,245,169,76,Dallas Stars,1166,28,62,327,18.960244648318042,6,50,346,14.450867052023122,9
2002,NHL,DET,DET,WC,CE,1,CQF,82,48,20,10,4,110,,,269,203,66,Detroit Red Wings,1214,26,76,319,23.824451410658305,4,55,377,14.588859416445624,11
2002,NHL,EDM,EDM,WC,NW,4,CQF,82,36,26,11,9,92,,,231,230,1,Edmonton Oilers,1203,16,56,386,14.507772020725387,8,61,351,17.37891737891738,13
2002,NHL,FLO,FLO,EC,SE,4,,82,24,36,13,9,70,,,176,237,-61,Florida Panthers,1127,26,49,347,14.121037463976945,9,66,356,18.53932584269663,7
2002,NHL,LAK,LAK,WC,PC,3,,82,33,37,6,6,78,,,203,221,-18,Los Angeles Kings,1146,50,52,354,14.689265536723164,4,62,371,16.711590296495956,8
2002,NHL,MIN,MIN,WC,NW,3,CF,82,42,29,10,1,95,,,198,178,20,Minnesota Wild,1063,28,52,366,14.207650273224044,5,43,308,13.96103896103896,9
2002,NHL,MTL,MTL,EC,NE,4,,82,30,35,8,9,77,,,206,234,-28,Montreal Canadiens,900,22,44,315,13.968253968253968,6,58,317,18.29652996845426,2
2002,NHL,NAS,NAS,WC,CE,4,,82,27,35,13,7,74,,,183,206,-23,Nashville Predators,969,20,58,418,13.875598086124402,8,61,353,17.280453257790366,2
2002,NHL,NJD,NJD,EC,AT,1,SC,82,46,20,10,6,108,,,216,166,50,New Jersey Devils,938,18,36,303,11.881188118811881,4,32,264,12.121212121212121,7
2002,NHL,NYI,NYI,EC,AT,3,CQF,82,35,34,11,2,83,,,224,231,-7,New York Islanders,1244,30,58,384,15.104166666666666,5,67,405,16.543209876543212,12
2002,NHL,NYR,NYR,EC,AT,4,,82,32,36,10,4,78,,,210,231,-21,New York Rangers,1308,14,55,339,16.224188790560472,8,73,388,18.814432989690722,8
2002,NHL,OTT,OTT,EC,NE,1,CF,82,52,21,8,1,113,,,263,182,81,Ottawa Senators,1135,22,83,391,21.22762148337596,8,50,332,15.060240963855422,4
2002,NHL,PHI,PHI,EC,AT,2,CSF,82,45,20,13,4,107,,,211,166,45,Philadelphia Flyers,1003,30,47,328,14.329268292682926,8,50,338,14.792899408284024,8
2002,NHL,PHO,PHO,WC,PC,4,,82,31,35,11,5,78,,,204,230,-26,Phoenix Coyotes,1433,24,55,385,14.285714285714285,11,77,412,18.689320388349515,4
2002,NHL,PIT,PIT,EC,AT,5,,82,27,44,6,5,65,,,189,255,-66,Pittsburgh Penguins,1125,32,66,360,18.333333333333332,10,58,352,16.477272727272727,3
2002,NHL,SJS,SJS,WC,PC,5,,82,28,37,9,8,73,,,214,239,-25,San Jose Sharks,1112,30,68,375,18.133333333333333,10,68,358,18.994413407821227,5
2002,NHL,STL,STL,WC,CE,2,CQF,82,41,24,11,6,99,,,253,222,31,St. Louis Blues,1618,16,80,391,20.460358056265985,7,71,389,18.251928020565554,11
2002,NHL,TBL,TBL,EC,SE,1,CSF,82,36,25,16,5,93,,,219,210,9,Tampa Bay Lightning,1079,30,70,391,17.902813299232736,5,55,316,17.405063291139243,6
2002,NHL,TOR,TOR,EC,NE,2,CQF,82,44,28,7,3,98,,,236,208,28,Toronto Maple Leafs,1390,22,63,359,17.548746518105848,7,56,426,13.145539906103288,11
2002,NHL,VAN,VAN,WC,NW,2,CSF,82,45,23,13,1,104,,,264,208,56,Vancouver Canucks,1178,36,87,419,20.763723150357997,10,62,389,15.938303341902312,12
2002,NHL,WAS,WAS,EC,SE,2,CQF,82,39,29,8,6,92,,,224,220,4,Washington Capitals,1268,22,57,331,17.220543806646525,4,72,384,18.75,8
2003,NHL,ANA,ANA,WC,PC,4,,82,29,35,10,8,76,,,184,213,-29,Mighty Ducks of Anaheim,1131,14,56,310,18.064516129032256,4,54,353,15.29745042492918,5
2003,NHL,ATL,WPG,EC,SE,2,,82,33,37,8,4,78,,,214,243,-29,Atlanta Thrashers,1505,32,60,410,14.634146341463413,7,58,391,14.83375959079284,11
2003,NHL,BOS,BOS,EC,NE,1,CQF,82,41,19,15,7,104,,,209,188,21,Boston Bruins,1208,22,48,300,16.0,13,55,335,16.417910447761194,7
2003,NHL,BUF,BUF,EC,NE,5,,82,37,34,7,4,85,,,220,221,-1,Buffalo Sabres,1289,28,58,367,15.803814713896458,9,53,348,15.229885057471265,7
2003,NHL,CAL,CAL,WC,NW,3,F,82,42,30,7,3,94,,,200,176,24,Calgary Flames,1428,42,54,357,15.126050420168067,2,53,346,15.31791907514451,11
2003,NHL,CAR,CAR,EC,SE,3,,82,28,34,14,6,76,,,172,209,-37,Carolina Hurricanes,1102,16,41,384,10.677083333333332,9,66,359,18.384401114206128,9
2003,NHL,CBS,CBS,WC,CE,4,,82,25,45,8,4,62,,,177,238,-61,Columbus Blue Jackets,1209,22,58,401,14.463840399002494,14,50,337,14.836795252225517,5
2003,NHL,CHI,CHI,WC,CE,5,,82,20,43,11,8,59,,,188,259,-71,Chicago Blackhawks,1318,18,55,349,15.759312320916905,14,63,383,16.449086161879894,5
2003,NHL,COL,COL,WC,NW,2,CSF,82,40,22,13,7,100,,,236,198,38,Colorado Avalanche,1293,28,74,363,20.385674931129476,14,58,357,16.246498599439775,7
2003,NHL,DAL,DAL,WC,PC,2,CQF,82,41,26,13,2,97,,,194,175,19,Dallas Stars,1143,20,52,328,15.853658536585366,11,44,311,14.14790996784566,5
2003,NHL,DET,DET,WC,CE,1,CSF,82,48,21,11,2,109,,,255,189,66,Detroit Red Wings,966,22,63,314,20.063694267515924,5,42,317,13.249211356466878,15
2003,NHL,EDM,EDM,WC,NW,4,,82,36,29,12,5,89,,,221,208,13,Edmonton Oilers,1220,22,44,338,13.017751479289942,8,66,350,18.857142857142858,13
2003,NHL,FLO,FLO,EC,SE,4,,82,28,35,15,4,75,,,188,221,-33,Florida Panthers,1192,22,52,310,16.7741935483871,12,51,373,13.672922252010725,7
2003,NHL,LAK,LAK,WC,PC,3,,82,28,29,16,9,81,,,205,217,-12,Los Angeles Kings,1163,6,50,356,14.04494382022472,4,65,336,19.345238095238095,9
2003,NHL,MIN,MIN,WC,NW,5,,82,30,29,20,3,83,,,188,183,5,Minnesota Wild,1035,44,46,339,13.569321533923304,7,44,285,15.43859649122807,7
2003,NHL,MTL,MTL,EC,NE,4,CSF,82,41,30,7,4,93,,,208,192,16,Montreal Canadiens,1039,16,55,319,17.24137931034483,6,55,314,17.51592356687898,5
2003,NHL,NAS,NAS,WC,CE,3,CQF,82,38,29,11,4,91,,,216,217,-1,Nashville Predators,1360,28,72,428,16.822429906542055,8,64,351,18.233618233618234,14
2003,NHL,NJD,NJD,EC,AT,2,CQF,82,43,25,12,2,100,,,213,164,49,New Jersey Devils,894,14,51,312,16.346153846153847,5,39,266,14.661654135338345,8
2003,NHL,NYI,NYI,EC,AT,3,CQF,82,38,29,11,4,91,,,237,210,27,New York Islanders,1168,16,54,325,16.615384615384617,5,52,359,14.484679665738161,11
2003,NHL,NYR,NYR,EC,AT,4,,82,27,40,7,8,69,,,206,250,-44,New York Rangers,1459,30,46,322,14.285714285714285,8,80,388,20.618556701030926,6
2003,NHL,OTT,OTT,EC,NE,3,CQF,82,43,23,10,6,102,,,262,189,73,Ottawa Senators,1270,20,80,370,21.62162162162162,8,57,347,16.42651296829971,6
2003,NHL,PHI,PHI,EC,AT,1,CF,82,40,21,15,6,101,,,229,186,43,Philadelphia Flyers,1357,22,65,314,20.70063694267516,3,58,348,16.666666666666664,7
2003,NHL,PHO,PHO,WC,PC,5,,82,22,36,18,6,68,,,188,245,-57,Phoenix Coyotes,1300,24,51,358,14.24581005586592,8,71,398,17.839195979899497,9
2003,NHL,PIT,PIT,EC,AT,5,,82,23,47,8,4,58,,,190,303,-113,Pittsburgh Penguins,1270,32,65,360,18.055555555555554,15,84,369,22.76422764227642,7
2003,NHL,SJS,SJS,WC,PC,1,CF,82,43,21,12,6,104,,,219,183,36,San Jose Sharks,1091,18,56,337,16.61721068249258,9,47,319,14.733542319749215,9
2003,NHL,STL,STL,WC,CE,2,CQF,82,39,30,11,2,91,,,191,198,-7,St. Louis Blues,1274,28,61,341,17.888563049853374,11,57,369,15.447154471544716,7
2003,NHL,TBL,TBL,EC,SE,1,SC,82,46,22,8,6,106,,,245,192,53,Tampa Bay Lightning,985,34,55,339,16.224188790560472,4,42,278,15.107913669064748,15
2003,NHL,TOR,TOR,EC,NE,2,CSF,82,45,24,10,3,103,,,242,204,38,Toronto Maple Leafs,1452,20,75,373,20.10723860589812,8,64,386,16.580310880829018,8
2003,NHL,VAN,VAN,WC,NW,1,CQF,82,43,24,10,5,101,,,235,194,41,Vancouver Canucks,1274,28,56,376,14.893617021276595,8,50,360,13.88888888888889,5
2003,NHL,WAS,WAS,EC,SE,5,,82,23,46,10,3,59,,,186,253,-67,Washington Capitals,1282,12,64,334,19.16167664670659,5,75,401,18.703241895261847,4
2005,NHL,ANA,ANA,WC,PC,3,CF,82,43,27,,12,98,3,7,254,229,25,Mighty Ducks of Anaheim,1459,14,87,480,18.125,13,84,510,16.470588235294116,9
2005,NHL,ATL,WPG,EC,SE,3,,82,41,33,,8,90,5,5,281,275,6,Atlanta Thrashers,1344,26,100,527,18.975332068311197,10,102,492,20.73170731707317,13
2005,NHL,BOS,BOS,EC,NE,5,,82,29,37,,16,74,2,8,230,266,-36,Boston Bruins,1174,12,62,418,14.832535885167463,10,78,479,16.2839248434238,9
2005,NHL,BUF,BUF,EC,NE,2,CF,82,52,24,,6,110,5,5,281,239,42,Buffalo Sabres,1164,20,101,477,21.17400419287212,17,59,439,13.439635535307518,10
2005,NHL,CAL,CAL,WC,NW,1,CQF,82,46,25,,11,103,2,7,218,200,18,Calgary Flames,1482,18,87,478,18.200836820083683,7,80,508,15.748031496062993,8
2005,NHL,CAR,CAR,EC,SE,1,SC,82,52,22,,8,112,8,2,294,260,34,Carolina Hurricanes,1125,18,95,531,17.890772128060263,13,81,445,18.202247191011235,17
2005,NHL,CBS,CBS,WC,CE,3,,82,35,43,,4,74,8,3,223,279,-56,Columbus Blue Jackets,1416,20,64,451,14.19068736141907,8,95,523,18.164435946462714,10
2005,NHL,CHI,CHI,WC,CE,4,,82,26,43,,13,65,2,6,211,285,-74,Chicago Blackhawks,1544,26,51,417,12.23021582733813,12,88,547,16.087751371115175,6
2005,NHL,COL,COL,WC,NW,2,CSF,82,43,30,,9,95,3,6,283,257,26,Colorado Avalanche,1178,26,89,473,18.816067653276956,12,69,448,15.401785714285715,11
2005,NHL,DAL,DAL,WC,PC,1,CQF,82,53,23,,6,112,12,1,265,218,47,Dallas Stars,1496,12,88,498,17.670682730923694,7,82,504,16.26984126984127,10
2005,NHL,DET,DET,WC,CE,1,CQF,82,58,16,,8,124,4,3,305,209,96,Detroit Red Wings,1117,14,102,461,22.125813449023862,10,67,461,14.533622559652928,7
2005,NHL,EDM,EDM,WC,NW,3,F,82,41,28,,13,95,7,9,256,251,5,Edmonton Oilers,1204,22,88,485,18.144329896907216,5,76,478,15.899581589958158,15
2005,NHL,FLO,FLO,EC,SE,4,,82,37,34,,11,85,4,5,240,257,-17,Florida Panthers,1279,24,63,411,15.328467153284672,12,91,514,17.704280155642024,5
2005,NHL,LAK,LAK,WC,PC,4,,82,42,35,,5,89,6,1,249,270,-21,Los Angeles Kings,1474,34,77,541,14.232902033271719,12,104,489,21.267893660531698,15
2005,NHL,MIN,MIN,WC,NW,5,,82,38,36,,8,84,5,3,231,215,16,Minnesota Wild,1209,20,77,454,16.96035242290749,7,55,436,12.614678899082568,11
2005,NHL,MTL,MTL,EC,NE,3,CQF,82,42,31,,9,93,2,3,243,247,-4,Montreal Canadiens,1336,22,89,463,19.222462203023756,6,91,481,18.91891891891892,10
2005,NHL,NAS,NAS,WC,CE,2,CQF,82,49,25,,8,106,6,3,259,227,32,Nashville Predators,1533,16,94,512,18.359375,13,82,533,15.384615384615385,12
2005,NHL,NJD,NJD,EC,AT,1,CSF,82,46,27,,9,101,9,4,242,229,13,New Jersey Devils,948,10,78,441,17.687074829931973,6,63,349,18.05157593123209,3
2005,NHL,NYI,NYI,EC,AT,4,,82,36,40,,6,78,9,3,230,278,-48,New York Islanders,1266,18,76,450,16.88888888888889,15,99,476,20.798319327731093,5
2005,NHL,NYR,NYR,EC,AT,3,CQF,82,44,26,,12,100,7,4,257,215,42,New York Rangers,1194,12,83,442,18.778280542986426,9,79,486,16.255144032921812,4
2005,NHL,OTT,OTT,EC,NE,1,CSF,82,52,21,,9,113,2,6,314,211,103,Ottawa Senators,1462,20,102,490,20.816326530612244,11,73,476,15.336134453781513,25
2005,NHL,PHI,PHI,EC,AT,2,CQF,82,45,26,,11,101,4,6,267,259,8,Philadelphia Flyers,1201,14,80,444,18.01801801801802,6,97,465,20.86021505376344,19
2005,NHL,PHO,PHO,WC,PC,5,,82,38,39,,5,81,4,3,246,271,-25,Phoenix Coyotes,1511,18,96,541,17.744916820702404,11,98,513,19.103313840155945,9
2005,NHL,PIT,PIT,EC,AT,5,,82,22,46,,14,58,1,6,244,316,-72,Pittsburgh Penguins,1559,20,94,495,18.98989898989899,16,113,533,21.200750469043154,13
2005,NHL,SJS,SJS,WC,PC,2,CSF,82,44,27,,11,99,1,7,266,242,24,San Jose Sharks,1058,14,91,500,18.2,11,77,399,19.298245614035086,10
2005,NHL,STL,STL,WC,CE,5,,82,21,46,,15,57,4,8,197,292,-95,St. Louis Blues,1373,18,75,512,14.6484375,8,82,461,17.787418655097614,6
2005,NHL,TBL,TBL,EC,SE,2,CQF,82,43,33,,6,92,6,4,252,260,-8,Tampa Bay Lightning,959,22,81,485,16.70103092783505,11,72,391,18.414322250639387,11
2005,NHL,TOR,TOR,EC,NE,4,,82,41,33,,8,90,3,7,257,270,-13,Toronto Maple Leafs,1398,20,107,501,21.35728542914172,12,99,496,19.959677419354836,14
2005,NHL,VAN,VAN,WC,NW,4,,82,42,32,,8,92,4,4,256,255,1,Vancouver Canucks,1477,12,96,526,18.250950570342205,10,93,512,18.1640625,6
2005,NHL,WAS,WAS,EC,SE,5,,82,29,41,,12,70,7,6,237,306,-69,Washington Capitals,1499,26,72,490,14.69387755102041,18,116,550,21.09090909090909,15
2006,NHL,AND,ANA,WC,PC,1,SC,82,48,20,,14,110,4,10,258,208,50,Anaheim Ducks,1457,30,89,398,22.36180904522613,4,61,410,14.878048780487804,4
2006,NHL,ATL,WPG,EC,SE,1,CQF,82,43,28,,11,97,7,4,246,245,1,Atlanta Thrashers,1097,26,67,407,16.461916461916463,10,79,391,20.20460358056266,9
2006,NHL,BOS,BOS,EC,NE,5,,82,35,41,,6,76,9,4,219,289,-70,Boston Bruins,1256,24,71,412,17.233009708737864,18,81,442,18.32579185520362,8
2006,NHL,BUF,BUF,EC,NE,1,CF,82,53,22,,7,113,10,4,308,242,66,Buffalo Sabres,1200,18,71,407,17.444717444717444,13,72,386,18.65284974093264,8
2006,NHL,CAL,CAL,WC,NW,3,CQF,82,43,29,,10,96,3,5,258,226,32,Calgary Flames,1204,22,73,401,18.204488778054863,5,81,414,19.565217391304348,15
2006,NHL,CAR,CAR,EC,SE,3,,82,40,34,,8,88,0,5,241,253,-12,Carolina Hurricanes,1021,14,67,447,14.988814317673377,8,61,395,15.443037974683543,12
2006,NHL,CBS,CBS,WC,CE,4,,82,33,42,,7,73,5,5,201,249,-48,Columbus Blue Jackets,1357,20,65,438,14.840182648401825,10,85,453,18.76379690949227,6
2006,NHL,CHI,CHI,WC,CE,5,,82,31,42,,9,71,6,7,201,258,-57,Chicago Blackhawks,1332,16,43,364,11.813186813186812,6,77,443,17.381489841986454,12
2006,NHL,COL,COL,WC,NW,4,,82,44,31,,7,95,5,4,272,251,21,Colorado Avalanche,884,20,79,374,21.12299465240642,9,70,353,19.8300283286119,7
2006,NHL,DAL,DAL,WC,PC,3,CQF,82,50,25,,7,107,9,4,226,197,29,Dallas Stars,1133,22,79,427,18.501170960187356,6,59,377,15.649867374005305,3
2006,NHL,DET,DET,WC,CE,1,CF,82,50,19,,13,113,2,8,254,199,55,Detroit Red Wings,982,24,68,401,16.957605985037407,11,63,408,15.441176470588236,12
2006,NHL,EDM,EDM,WC,NW,5,,82,32,43,,7,71,3,3,195,248,-53,Edmonton Oilers,1285,22,53,373,14.209115281501342,4,59,382,15.44502617801047,6
2006,NHL,FLO,FLO,EC,SE,4,,82,35,31,,16,86,2,8,247,257,-10,Florida Panthers,1181,18,61,337,18.100890207715135,6,78,443,17.607223476297968,5
2006,NHL,LAK,LAK,WC,PC,4,,82,27,41,,14,68,4,6,227,283,-56,Los Angeles Kings,1239,24,81,442,18.32579185520362,6,91,411,22.14111922141119,6
2006,NHL,MIN,MIN,WC,NW,2,CQF,82,48,26,,8,104,10,7,235,191,44,Minnesota Wild,862,12,72,380,18.947368421052634,8,48,342,14.035087719298245,9
2006,NHL,MTL,MTL,EC,NE,4,,82,42,34,,6,90,6,5,245,256,-11,Montreal Canadiens,1133,14,86,378,22.75132275132275,6,69,419,16.467780429594274,17
2006,NHL,NAS,NAS,WC,CE,2,CQF,82,51,23,,8,110,6,5,272,212,60,Nashville Predators,1179,24,71,408,17.401960784313726,2,55,390,14.102564102564102,8
2006,NHL,NJD,NJD,EC,AT,1,CSF,82,49,24,,9,107,10,8,216,201,15,New Jersey Devils,830,8,65,367,17.71117166212534,11,40,271,14.760147601476014,4
2006,NHL,NYI,NYI,EC,AT,4,CQF,82,40,30,,12,92,8,5,248,240,8,New York Islanders,1062,24,63,348,18.103448275862068,9,79,433,18.244803695150118,7
2006,NHL,NYR,NYR,EC,AT,3,CSF,82,42,30,,10,94,9,5,242,216,26,New York Rangers,1109,22,75,406,18.472906403940886,6,65,400,16.25,11
2006,NHL,OTT,OTT,EC,NE,2,F,82,48,25,,9,105,2,6,288,222,66,Ottawa Senators,1173,12,72,403,17.866004962779154,12,61,394,15.48223350253807,17
2006,NHL,PHI,PHI,EC,AT,5,,82,22,48,,12,56,1,6,214,303,-89,Philadelphia Flyers,1301,16,53,376,14.095744680851062,14,65,420,15.476190476190476,15
2006,NHL,PHO,PHO,WC,PC,5,,82,31,46,,5,67,5,2,216,284,-68,Phoenix Coyotes,1445,28,66,400,16.5,13,92,425,21.64705882352941,5
2006,NHL,PIT,PIT,EC,AT,2,CQF,82,47,24,,11,105,10,6,277,246,31,Pittsburgh Penguins,1249,38,94,463,20.302375809935207,13,75,419,17.899761336515514,14
2006,NHL,SJS,SJS,WC,PC,2,CSF,82,51,26,,5,107,2,2,258,199,59,San Jose Sharks,955,16,92,410,22.439024390243905,4,55,330,16.666666666666664,7
2006,NHL,STL,STL,WC,CE,3,,82,34,35,,13,81,6,6,214,254,-40,St. Louis Blues,1223,20,46,381,12.073490813648293,10,83,414,20.048309178743963,7
2006,NHL,TBL,TBL,EC,SE,2,CQF,82,44,33,,5,93,10,2,253,261,-8,Tampa Bay Lightning,897,6,69,374,18.449197860962567,11,66,305,21.639344262295083,14
2006,NHL,TOR,TOR,EC,NE,3,,82,40,31,,11,91,4,7,258,269,-11,Toronto Maple Leafs,1139,12,71,401,17.70573566084788,11,90,418,21.5311004784689,3
2006,NHL,VAN,VAN,WC,NW,1,CSF,82,49,26,,7,105,5,4,222,201,21,Vancouver Canucks,1206,16,70,407,17.1990171990172,8,57,436,13.073394495412844,5
2006,NHL,WAS,WAS,EC,SE,5,,82,28,40,,14,70,1,11,235,286,-51,Washington Capitals,1233,16,67,408,16.42156862745098,14,82,414,19.806763285024154,12
2007,NHL,AND,ANA,WC,PC,2,CQF,82,47,27,,8,102,8,7,205,191,14,Anaheim Ducks,1481,16,60,361,16.62049861495845,7,69,408,16.911764705882355,8
2007,NHL,ATL,WPG,EC,SE,4,,82,34,40,,8,76,9,6,216,272,-56,Atlanta Thrashers,1077,20,52,316,16.455696202531644,10,75,354,21.1864406779661,13
2007,NHL,BOS,BOS,EC,NE,3,CQF,82,41,29,,12,94,6,7,212,222,-10,Boston Bruins,1069,18,56,319,17.55485893416928,6,71,332,21.385542168674696,9
2007,NHL,BUF,BUF,EC,NE,4,,82,39,31,,12,90,4,9,255,242,13,Buffalo Sabres,1004,14,66,366,18.0327868852459,8,56,333,16.816816816816818,9
2007,NHL,CAL,CAL,WC,NW,3,CQF,82,42,30,,10,94,3,3,229,227,2,Calgary Flames,1342,14,59,352,16.761363636363637,8,72,388,18.556701030927837,9
2007,NHL,CAR,CAR,EC,SE,2,,82,43,33,,6,92,2,3,252,249,3,Carolina Hurricanes,1183,18,79,420,18.80952380952381,13,75,355,21.12676056338028,4
2007,NHL,CBS,CBS,WC,CE,4,,82,34,36,,12,80,3,8,193,218,-25,Columbus Blue Jackets,1325,22,53,356,14.887640449438203,5,63,378,16.666666666666664,8
2007,NHL,CHI,CHI,WC,CE,3,,82,40,34,,8,88,5,4,239,235,4,Chicago Blackhawks,1383,12,58,365,15.890410958904111,6,69,385,17.92207792207792,17
2007,NHL,COL,COL,WC,NW,2,CSF,82,44,31,,7,95,7,3,231,219,12,Colorado Avalanche,995,22,49,335,14.626865671641792,5,56,301,18.6046511627907,2
2007,NHL,DAL,DAL,WC,PC,3,CF,82,45,30,,7,97,5,3,242,207,35,Dallas Stars,1178,16,64,354,18.07909604519774,8,51,354,14.40677966101695,13
2007,NHL,DET,DET,WC,CE,1,SC,82,54,21,,7,115,5,5,257,184,73,Detroit Red Wings,937,4,81,391,20.716112531969312,7,57,357,15.966386554621847,5
2007,NHL,EDM,EDM,WC,NW,4,,82,41,35,,6,88,15,4,235,251,-16,Edmonton Oilers,1175,26,57,344,16.569767441860463,10,56,366,15.300546448087433,7
2007,NHL,FLO,FLO,EC,SE,3,,82,38,35,,9,85,5,6,216,226,-10,Florida Panthers,1026,24,60,313,19.169329073482427,3,66,374,17.647058823529413,4
2007,NHL,LAK,LAK,WC,PC,5,,82,32,43,,7,71,5,3,231,266,-35,Los Angeles Kings,954,24,64,366,17.48633879781421,4,68,309,22.006472491909385,11
2007,NHL,MIN,MIN,WC,NW,1,CQF,82,44,28,,10,98,3,8,223,218,5,Minnesota Wild,1098,12,64,338,18.93491124260355,10,49,330,14.84848484848485,3
2007,NHL,MTL,MTL,EC,NE,1,CSF,82,47,25,,10,104,5,6,262,222,40,Montreal Canadiens,1090,18,90,374,24.06417112299465,3,60,342,17.543859649122805,8
2007,NHL,NAS,NAS,WC,CE,2,CQF,82,41,32,,9,91,3,5,230,229,1,Nashville Predators,1027,12,53,358,14.804469273743019,10,49,335,14.626865671641792,7
2007,NHL,NJD,NJD,EC,AT,2,CQF,82,46,29,,7,99,8,4,206,197,9,New Jersey Devils,974,18,50,320,15.625,7,54,314,17.197452229299362,6
2007,NHL,NYI,NYI,EC,AT,5,,82,35,38,,9,79,5,3,194,243,-49,New York Islanders,1041,18,48,330,14.545454545454545,15,68,375,18.133333333333333,10
2007,NHL,NYR,NYR,EC,AT,3,CSF,82,42,27,,13,97,8,9,213,199,14,New York Rangers,1154,12,61,370,16.486486486486488,6,53,343,15.451895043731778,4
2007,NHL,OTT,OTT,EC,NE,2,CQF,82,43,31,,8,94,3,5,261,247,14,Ottawa Senators,1175,22,60,328,18.29268292682927,6,72,380,18.947368421052634,18
2007,NHL,PHI,PHI,EC,AT,4,CF,82,42,29,,11,95,3,6,248,233,15,Philadelphia Flyers,1471,14,84,385,21.818181818181817,6,65,388,16.752577319587626,13
2007,NHL,PHO,PHO,WC,PC,4,,82,38,37,,7,83,5,6,214,231,-17,Phoenix Coyotes,1193,18,63,339,18.58407079646018,12,64,332,19.27710843373494,11
2007,NHL,PIT,PIT,EC,AT,1,F,82,47,27,,8,102,7,4,247,216,31,Pittsburgh Penguins,1179,24,77,378,20.37037037037037,10,68,357,19.047619047619047,6
2007,NHL,SJS,SJS,WC,PC,1,CSF,82,49,23,,10,108,6,6,222,193,29,San Jose Sharks,1075,14,70,374,18.71657754010695,9,44,310,14.193548387096774,7
2007,NHL,STL,STL,WC,CE,5,,82,33,36,,13,79,3,5,205,237,-32,St. Louis Blues,1153,16,47,334,14.071856287425149,13,56,359,15.598885793871867,3
2007,NHL,TBL,TBL,EC,SE,5,,82,31,42,,9,71,2,1,223,267,-44,Tampa Bay Lightning,1038,16,57,296,19.256756756756758,7,56,312,17.94871794871795,7
2007,NHL,TOR,TOR,EC,NE,5,,82,36,35,,11,83,3,4,231,260,-29,Toronto Maple Leafs,1087,8,61,343,17.784256559766764,10,77,352,21.875,4
2007,NHL,VAN,VAN,WC,NW,5,,82,39,33,,10,88,6,9,213,215,-2,Vancouver Canucks,1474,16,63,369,17.073170731707318,7,64,368,17.391304347826086,8
2007,NHL,WAS,WAS,EC,SE,1,CQF,82,43,31,,8,94,4,4,242,231,11,Washington Capitals,975,22,65,346,18.786127167630056,8,68,349,19.484240687679083,5
2008,NHL,AND,ANA,WC,PC,2,CSF,82,42,33,,7,91,7,3,245,238,7,Anaheim Ducks,1426,8,73,309,23.624595469255663,8,78,385,20.259740259740262,6
2008,NHL,ATL,WPG,EC,SE,4,,82,35,41,,6,76,7,1,257,280,-23,Atlanta Thrashers,1256,12,69,357,19.327731092436977,10,88,366,24.043715846994534,13
2008,NHL,BOS,BOS,EC,NE,1,CSF,82,53,19,,10,116,4,6,274,196,78,Boston Bruins,1028,12,74,313,23.642172523961662,7,54,306,17.647058823529413,8
2008,NHL,BUF,BUF,EC,NE,3,,82,41,32,,9,91,8,5,250,234,16,Buffalo Sabres,1121,16,75,358,20.949720670391063,5,61,336,18.154761904761905,7
2008,NHL,CAL,CAL,WC,NW,2,CQF,82,46,30,,6,98,3,2,254,248,6,Calgary Flames,1299,18,61,358,17.039106145251395,15,58,349,16.6189111747851,6
2008,NHL,CAR,CAR,EC,SE,2,CF,82,45,30,,7,97,3,5,239,226,13,Carolina Hurricanes,802,16,70,374,18.71657754010695,9,59,301,19.601328903654487,8
2008,NHL,CBS,CBS,WC,CE,4,CQF,82,41,31,,10,92,6,7,226,230,-4,Columbus Blue Jackets,1227,20,41,322,12.732919254658384,12,62,346,17.91907514450867,8
2008,NHL,CHI,CHI,WC,CE,2,CF,82,46,24,,12,104,4,7,264,216,48,Chicago Blackhawks,1157,28,70,363,19.28374655647383,6,64,330,19.393939393939394,10
2008,NHL,COL,COL,WC,NW,5,,82,32,45,,5,69,9,4,199,257,-58,Colorado Avalanche,1062,18,50,318,15.723270440251572,8,64,318,20.125786163522015,4
2008,NHL,DAL,DAL,WC,PC,3,,82,36,35,,11,83,6,6,230,257,-27,Dallas Stars,1144,10,54,351,15.384615384615385,4,70,327,21.406727828746178,2
2008,NHL,DET,DET,WC,CE,1,F,82,51,21,,10,112,6,4,295,244,51,Detroit Red Wings,824,14,90,353,25.495750708215297,4,71,327,21.712538226299692,6
2008,NHL,EDM,EDM,WC,NW,4,,82,38,35,,9,85,6,4,234,248,-14,Edmonton Oilers,1247,20,60,354,16.94915254237288,8,76,338,22.485207100591715,3
2008,NHL,FLO,FLO,EC,SE,3,,82,41,30,,11,93,3,8,234,231,3,Florida Panthers,900,16,51,308,16.558441558441558,9,54,311,17.363344051446948,7
2008,NHL,LAK,LAK,WC,PC,5,,82,34,37,,11,79,5,8,207,234,-27,Los Angeles Kings,1207,16,69,360,19.166666666666668,8,62,362,17.12707182320442,4
2008,NHL,MIN,MIN,WC,NW,3,,82,40,33,,9,89,5,3,219,200,19,Minnesota Wild,889,20,66,328,20.121951219512198,6,36,291,12.371134020618557,9
2008,NHL,MTL,MTL,EC,NE,2,CQF,82,41,30,,11,93,7,7,249,247,2,Montreal Canadiens,1229,6,72,374,19.25133689839572,11,65,370,17.56756756756757,10
2008,NHL,NAS,NAS,WC,CE,5,,82,40,34,,8,88,6,5,213,233,-20,Nashville Predators,994,12,50,318,15.723270440251572,8,59,338,17.45562130177515,9
2008,NHL,NJD,NJD,EC,AT,1,CQF,82,51,27,,4,106,6,2,244,209,35,New Jersey Devils,1058,20,58,307,18.892508143322477,4,65,324,20.061728395061728,12
2008,NHL,NYI,NYI,EC,AT,5,,82,26,47,,9,61,3,5,201,279,-78,New York Islanders,1216,18,54,320,16.875,5,73,361,20.221606648199447,12
2008,NHL,NYR,NYR,EC,AT,4,CQF,82,43,30,,9,95,10,6,210,218,-8,New York Rangers,1199,24,48,346,13.872832369942195,14,40,329,12.158054711246201,9
2008,NHL,OTT,OTT,EC,NE,4,,82,36,35,,11,83,4,6,217,237,-20,Ottawa Senators,1098,14,66,339,19.469026548672566,5,64,346,18.497109826589593,8
2008,NHL,PHI,PHI,EC,AT,3,CQF,82,44,27,,11,99,4,6,264,238,26,Philadelphia Flyers,1434,26,71,316,22.468354430379748,1,67,393,17.048346055979643,16
2008,NHL,PHO,PHO,WC,PC,4,,82,36,39,,7,79,3,3,208,252,-44,Phoenix Coyotes,1092,18,50,344,14.534883720930234,4,68,293,23.208191126279864,5
2008,NHL,PIT,PIT,EC,AT,2,SC,82,45,28,,9,99,6,6,264,239,25,Pittsburgh Penguins,1114,8,62,360,17.22222222222222,13,60,347,17.29106628242075,7
2008,NHL,SJS,SJS,WC,PC,1,CQF,82,53,18,,11,117,6,5,257,204,53,San Jose Sharks,1053,16,87,360,24.166666666666668,11,51,306,16.666666666666664,12
2008,NHL,STL,STL,WC,CE,3,CQF,82,41,31,,10,92,6,6,233,233,0,St. Louis Blues,1248,22,72,351,20.51282051282051,8,58,357,16.246498599439775,10
2008,NHL,TBL,TBL,EC,SE,5,,82,24,40,,18,66,3,10,210,279,-69,Tampa Bay Lightning,1306,26,61,343,17.784256559766764,9,89,405,21.975308641975307,4
2008,NHL,TOR,TOR,EC,NE,5,,82,34,35,,13,81,6,7,250,293,-43,Toronto Maple Leafs,1125,12,62,330,18.787878787878785,7,78,308,25.324675324675322,6
2008,NHL,VAN,VAN,WC,NW,1,CSF,82,45,27,,10,100,3,7,246,220,26,Vancouver Canucks,1351,28,67,357,18.76750700280112,5,69,371,18.598382749326145,7
2008,NHL,WAS,WAS,EC,SE,1,CSF,82,50,24,,8,108,4,5,272,245,27,Washington Capitals,1041,20,85,337,25.222551928783382,11,75,387,19.379844961240313,7
2009,NHL,AND,ANA,WC,PC,4,,82,39,32,,11,89,5,8,238,251,-13,Anaheim Ducks,1321,4,63,300,21.0,9,67,324,20.679012345679013,8
2009,NHL,ATL,WPG,EC,SE,2,,82,35,34,,13,83,4,6,234,256,-22,Atlanta Thrashers,1053,8,51,316,16.139240506329113,4,57,320,17.8125,9
2009,NHL,BOS,BOS,EC,NE,3,CSF,82,39,30,,13,91,10,9,206,200,6,Boston Bruins,953,24,44,265,16.60377358490566,4,37,272,13.602941176470587,6
2009,NHL,BUF,BUF,EC,NE,1,CQF,82,45,27,,10,100,4,6,235,207,28,Buffalo Sabres,918,16,55,313,17.57188498402556,3,38,284,13.380281690140844,4
2009,NHL,CAL,CAL,WC,NW,3,,82,40,32,,10,90,3,7,204,210,-6,Calgary Flames,1143,14,43,268,16.044776119402986,2,54,305,17.704918032786885,8
2009,NHL,CAR,CAR,EC,SE,3,,82,35,37,,10,80,4,5,230,256,-26,Carolina Hurricanes,966,22,56,332,16.867469879518072,8,62,320,19.375,7
2009,NHL,CBS,CBS,WC,CE,5,,82,32,35,,15,79,2,10,216,259,-43,Columbus Blue Jackets,1086,16,56,308,18.181818181818183,9,61,334,18.263473053892216,6
2009,NHL,CHI,CHI,WC,CE,1,SC,82,52,22,,8,112,9,6,271,209,62,Chicago Blackhawks,924,16,52,294,17.687074829931973,4,39,265,14.716981132075471,13
2009,NHL,COL,COL,WC,NW,2,CQF,82,43,30,,9,95,7,5,244,233,11,Colorado Avalanche,1027,26,56,310,18.064516129032256,9,60,303,19.801980198019802,8
2009,NHL,DAL,DAL,WC,PC,5,,82,37,31,,14,88,7,10,237,254,-17,Dallas Stars,963,8,61,328,18.597560975609756,8,65,288,22.569444444444446,9
2009,NHL,DET,DET,WC,CE,2,CSF,82,44,24,,14,102,6,9,229,216,13,Detroit Red Wings,723,16,59,307,19.218241042345277,1,43,267,16.10486891385768,8
2009,NHL,EDM,EDM,WC,NW,5,,82,27,47,,8,62,8,6,214,284,-70,Edmonton Oilers,1133,18,52,301,17.275747508305646,5,67,305,21.9672131147541,6
2009,NHL,FLO,FLO,EC,SE,5,,82,32,37,,13,77,6,10,208,244,-36,Florida Panthers,977,16,44,309,14.239482200647249,8,59,287,20.557491289198605,7
2009,NHL,LAK,LAK,WC,PC,3,CQF,82,46,27,,9,101,10,8,241,219,22,Los Angeles Kings,979,16,64,307,20.846905537459286,6,60,304,19.736842105263158,4
2009,NHL,MIN,MIN,WC,NW,4,,82,38,36,,8,84,5,7,219,246,-27,Minnesota Wild,924,10,59,309,19.093851132686083,13,53,306,17.320261437908496,4
2009,NHL,MTL,MTL,EC,NE,4,CF,82,39,33,,10,88,7,5,217,223,-6,Montreal Canadiens,936,16,57,261,21.839080459770116,8,53,311,17.041800643086816,4
2009,NHL,NAS,NAS,WC,CE,3,CQF,82,47,29,,6,100,8,4,225,225,0,Nashville Predators,710,12,47,286,16.433566433566433,6,59,258,22.868217054263564,5
2009,NHL,NJD,NJD,EC,AT,1,CQF,82,48,27,,7,103,6,5,222,191,31,New Jersey Devils,859,16,51,273,18.681318681318682,5,41,239,17.154811715481173,7
2009,NHL,NYI,NYI,EC,AT,5,,82,34,37,,11,79,8,6,222,264,-42,New York Islanders,950,22,49,306,16.013071895424837,3,71,300,23.666666666666668,7
2009,NHL,NYR,NYR,EC,AT,4,,82,38,33,,11,87,3,4,222,218,4,New York Rangers,1159,22,55,301,18.272425249169437,7,50,318,15.723270440251572,5
2009,NHL,OTT,OTT,EC,NE,2,CQF,82,44,32,,6,94,5,5,225,238,-13,Ottawa Senators,1141,26,49,290,16.896551724137932,4,50,318,15.723270440251572,6
2009,NHL,PHI,PHI,EC,AT,3,F,82,41,35,,6,88,4,3,236,225,11,Philadelphia Flyers,1362,12,68,317,21.451104100946374,8,57,335,17.01492537313433,6
2009,NHL,PHO,PHO,WC,PC,2,CQF,82,50,25,,7,107,14,6,225,202,23,Phoenix Coyotes,925,20,46,314,14.64968152866242,7,49,317,15.457413249211358,3
2009,NHL,PIT,PIT,EC,AT,2,CSF,82,47,28,,7,101,8,2,257,237,20,Pittsburgh Penguins,1195,12,56,326,17.177914110429448,8,52,327,15.902140672782874,7
2009,NHL,SJS,SJS,WC,PC,1,CF,82,51,20,,11,113,7,6,264,215,49,San Jose Sharks,1155,18,65,309,21.035598705501616,9,49,327,14.984709480122325,8
2009,NHL,STL,STL,WC,CE,4,,82,40,32,,10,90,7,5,225,223,2,St. Louis Blues,1318,22,52,307,16.938110749185668,6,45,342,13.157894736842104,7
2009,NHL,TBL,TBL,EC,SE,4,,82,34,36,,12,80,4,7,217,260,-43,Tampa Bay Lightning,1377,20,63,326,19.32515337423313,6,67,336,19.940476190476193,2
2009,NHL,TOR,TOR,EC,NE,5,,82,30,38,,14,74,4,4,214,267,-53,Toronto Maple Leafs,1091,20,44,315,13.968253968253968,7,73,288,25.34722222222222,4
2009,NHL,VAN,VAN,WC,NW,1,CSF,82,49,28,,5,103,4,4,272,222,50,Vancouver Canucks,1269,8,68,325,20.923076923076923,6,59,320,18.4375,9
2009,NHL,WAS,WAS,EC,SE,1,CQF,82,54,15,,13,121,5,6,318,233,85,Washington Capitals,940,20,79,313,25.23961661341853,8,67,316,21.202531645569618,4
2010,NHL,AND,ANA,WC,PC,2,CQF,82,47,30,,5,99,4,2,239,235,4,Anaheim Ducks,1178,20,67,285,23.50877192982456,7,57,305,18.688524590163937,7
2010,NHL,ATL,WPG,EC,SE,4,,82,34,36,,12,80,5,7,223,269,-46,Atlanta Thrashers,930,22,53,289,18.33910034602076,10,64,285,22.45614035087719,6
2010,NHL,BOS,BOS,EC,NE,1,SC,82,46,25,,11,103,2,6,246,195,51,Boston Bruins,1115,10,43,265,16.22641509433962,5,46,265,17.358490566037734,11
2010,NHL,BUF,BUF,EC,NE,3,CQF,82,43,29,,10,96,5,1,245,229,16,Buffalo Sabres,958,16,54,279,19.35483870967742,13,51,300,17.0,2
2010,NHL,CAL,CAL,WC,NW,2,,82,41,29,,12,94,9,7,250,237,13,Calgary Flames,836,18,62,318,19.49685534591195,9,53,282,18.79432624113475,7
2010,NHL,CAR,CAR,EC,SE,3,,82,40,31,,11,91,5,5,236,239,-3,Carolina Hurricanes,835,14,55,346,15.895953757225435,6,51,272,18.75,7
2010,NHL,CBS,CBS,WC,CE,5,,82,34,35,,13,81,5,8,215,258,-43,Columbus Blue Jackets,1113,14,42,301,13.953488372093023,11,62,314,19.745222929936308,6
2010,NHL,CHI,CHI,WC,CE,3,CQF,82,44,29,,9,97,6,5,258,225,33,Chicago Blackhawks,742,22,64,277,23.104693140794225,4,53,255,20.784313725490197,6
2010,NHL,COL,COL,WC,NW,4,,82,30,44,,8,68,6,1,227,288,-61,Colorado Avalanche,1077,22,49,265,18.49056603773585,11,75,314,23.88535031847134,8
2010,NHL,DAL,DAL,WC,PC,5,,82,42,29,,11,95,5,7,227,233,-6,Dallas Stars,1066,14,55,306,17.973856209150327,15,55,277,19.855595667870034,10
2010,NHL,DET,DET,WC,CE,1,CSF,82,47,25,,10,104,4,4,261,241,20,Detroit Red Wings,754,6,67,301,22.259136212624583,7,53,300,17.666666666666668,5
2010,NHL,EDM,EDM,WC,NW,5,,82,25,45,,12,62,2,9,193,269,-76,Edmonton Oilers,1270,20,44,304,14.473684210526317,2,74,321,23.05295950155763,8
2010,NHL,FLO,FLO,EC,SE,5,,82,30,40,,12,72,4,7,195,229,-34,Florida Panthers,716,22,35,267,13.108614232209737,5,41,267,15.355805243445692,4
2010,NHL,LAK,LAK,WC,PC,4,CQF,82,46,30,,6,98,10,2,219,198,21,Los Angeles Kings,962,24,47,292,16.095890410958905,6,40,276,14.492753623188406,4
2010,NHL,MIN,MIN,WC,NW,3,,82,39,35,,8,86,3,5,206,233,-27,Minnesota Wild,983,14,53,292,18.15068493150685,7,53,308,17.20779220779221,7
2010,NHL,MTL,MTL,EC,NE,2,CQF,82,44,30,,8,96,3,3,216,209,7,Montreal Canadiens,1097,28,57,290,19.655172413793103,6,51,327,15.59633027522936,5
2010,NHL,NAS,NAS,WC,CE,2,CSF,82,44,27,,11,99,6,4,219,194,25,Nashville Predators,720,26,41,269,15.241635687732341,2,41,272,15.073529411764705,5
2010,NHL,NJD,NJD,EC,AT,4,,82,38,39,,5,81,3,2,174,209,-35,New Jersey Devils,765,18,34,237,14.345991561181433,8,40,241,16.59751037344398,3
2010,NHL,NYI,NYI,EC,AT,5,,82,30,39,,13,73,4,6,229,264,-35,New York Islanders,1515,26,52,302,17.218543046357617,7,52,310,16.7741935483871,15
2010,NHL,NYR,NYR,EC,AT,3,CQF,82,44,33,,5,93,9,3,233,198,35,New York Rangers,1074,14,49,290,16.896551724137932,5,42,257,16.342412451361866,11
2010,NHL,OTT,OTT,EC,NE,5,,82,32,40,,10,74,2,5,192,250,-58,Ottawa Senators,1149,6,45,257,17.509727626459142,4,48,294,16.3265306122449,6
2010,NHL,PHI,PHI,EC,AT,1,CSF,82,47,23,,12,106,3,7,259,223,36,Philadelphia Flyers,1119,8,49,295,16.610169491525422,5,54,313,17.252396166134183,13
2010,NHL,PHO,PHO,WC,PC,3,CQF,82,43,26,,13,99,5,6,231,226,5,Phoenix Coyotes,863,12,46,289,15.916955017301039,6,64,296,21.62162162162162,5
2010,NHL,PIT,PIT,EC,AT,2,CQF,82,49,25,,8,106,10,3,238,199,39,Pittsburgh Penguins,1388,16,49,311,15.755627009646304,6,45,324,13.88888888888889,13
2010,NHL,SJS,SJS,WC,PC,1,CF,82,48,25,,9,105,5,5,248,213,35,San Jose Sharks,931,10,68,289,23.52941176470588,7,56,274,20.437956204379564,6
2010,NHL,STL,STL,WC,CE,4,,82,38,33,,11,87,4,6,240,234,6,St. Louis Blues,1225,16,52,279,18.63799283154122,1,51,279,18.27956989247312,7
2010,NHL,TBL,TBL,EC,SE,2,CF,82,46,25,,11,103,6,6,247,240,7,Tampa Bay Lightning,905,24,69,336,20.535714285714285,16,49,302,16.225165562913908,1
2010,NHL,TOR,TOR,EC,NE,4,,82,37,34,,11,85,5,6,218,251,-33,Toronto Maple Leafs,985,18,52,326,15.950920245398773,8,62,275,22.545454545454547,5
2010,NHL,VAN,VAN,WC,NW,1,F,82,54,19,,9,117,4,5,262,185,77,Vancouver Canucks,943,10,72,296,24.324324324324326,2,45,312,14.423076923076922,6
2010,NHL,WAS,WAS,EC,SE,1,CSF,82,48,23,,11,107,5,6,224,197,27,Washington Capitals,926,20,46,263,17.490494296577946,5,43,299,14.381270903010032,7
2011,NHL,AND,ANA,WC,PC,5,,82,34,36,,12,80,3,7,204,231,-27,Anaheim Ducks,980,18,45,271,16.605166051660518,5,51,283,18.021201413427562,4
2011,NHL,BOS,BOS,EC,NE,1,CQF,82,49,29,,4,102,9,3,269,202,67,Boston Bruins,1101,8,43,250,17.2,1,43,260,16.538461538461537,8
2011,NHL,BUF,BUF,EC,NE,3,,82,39,32,,11,89,7,7,218,230,-12,Buffalo Sabres,904,18,44,258,17.05426356589147,7,47,257,18.28793774319066,5
2011,NHL,CAL,CAL,WC,NW,2,,82,37,29,,16,90,3,9,202,226,-24,Calgary Flames,885,20,46,260,17.692307692307693,6,42,268,15.671641791044777,3
2011,NHL,CAR,CAR,EC,SE,5,,82,33,33,,16,82,1,6,213,243,-30,Carolina Hurricanes,763,12,49,294,16.666666666666664,4,49,252,19.444444444444446,12
2011,NHL,CBS,CBS,WC,CE,5,,82,29,46,,7,65,4,5,202,262,-60,Columbus Blue Jackets,1037,16,49,317,15.457413249211358,8,64,274,23.357664233576642,7
2011,NHL,CHI,CHI,WC,CE,4,CQF,82,45,26,,11,101,7,7,248,238,10,Chicago Blackhawks,848,20,42,277,15.162454873646208,3,51,233,21.888412017167383,7
2011,NHL,COL,COL,WC,NW,3,,82,41,35,,6,88,9,2,208,220,-12,Colorado Avalanche,902,12,41,223,18.385650224215247,4,47,277,16.967509025270758,5
2011,NHL,DAL,DAL,WC,PC,4,,82,42,35,,5,89,7,4,211,222,-11,Dallas Stars,1032,24,33,244,13.524590163934427,3,52,303,17.16171617161716,5
2011,NHL,DET,DET,WC,CE,3,CQF,82,48,28,,6,102,9,3,248,203,45,Detroit Red Wings,699,24,48,298,16.10738255033557,11,50,274,18.248175182481752,2
2011,NHL,EDM,EDM,WC,NW,5,,82,32,40,,10,74,5,7,212,239,-27,Edmonton Oilers,942,20,54,262,20.610687022900763,8,52,296,17.56756756756757,5
2011,NHL,FLO,FLO,EC,SE,1,CQF,82,38,26,,18,94,6,11,203,227,-24,Florida Panthers,792,30,53,286,18.53146853146853,6,49,239,20.502092050209207,4
2011,NHL,LAK,LAK,WC,PC,3,SC,82,40,27,,15,95,6,9,194,179,15,Los Angeles Kings,923,6,49,289,16.955017301038062,2,38,293,12.969283276450511,9
2011,NHL,MIN,MIN,WC,NW,4,,82,35,36,,11,81,11,9,177,226,-49,Minnesota Wild,994,16,39,258,15.11627906976744,4,51,285,17.894736842105264,5
2011,NHL,MTL,MTL,EC,NE,5,,82,31,35,,16,78,5,12,212,226,-14,Montreal Canadiens,954,20,43,301,14.285714285714285,8,36,315,11.428571428571429,10
2011,NHL,NAS,NAS,WC,CE,2,CSF,82,48,26,,8,104,5,5,237,210,27,Nashville Predators,689,12,54,250,21.6,4,40,244,16.39344262295082,5
2011,NHL,NJD,NJD,EC,AT,4,F,82,48,28,,6,102,12,4,228,209,19,New Jersey Devils,944,20,46,267,17.228464419475657,13,27,259,10.424710424710424,15
2011,NHL,NYI,NYI,EC,AT,5,,82,34,37,,11,79,7,4,203,255,-52,New York Islanders,763,8,45,243,18.51851851851852,5,46,236,19.491525423728813,4
2011,NHL,NYR,NYR,EC,AT,1,CF,82,51,24,,7,109,4,5,226,187,39,New York Rangers,1059,14,44,280,15.714285714285714,4,36,260,13.846153846153847,8
2011,NHL,OTT,OTT,EC,NE,2,CQF,82,41,31,,10,92,6,4,249,240,9,Ottawa Senators,1145,24,49,270,18.14814814814815,7,57,310,18.387096774193548,9
2011,NHL,PHI,PHI,EC,AT,3,CSF,82,47,26,,9,103,4,7,264,232,32,Philadelphia Flyers,1318,18,66,335,19.701492537313435,9,58,319,18.181818181818183,6
2011,NHL,PHO,PHO,WC,PC,1,CF,82,42,27,,13,97,6,10,216,204,12,Phoenix Coyotes,757,18,34,251,13.545816733067728,6,36,249,14.457831325301203,6
2011,NHL,PIT,PIT,EC,AT,2,CQF,82,51,25,,6,108,9,3,282,221,61,Pittsburgh Penguins,880,12,57,289,19.72318339100346,10,33,270,12.222222222222221,11
2011,NHL,SJS,SJS,WC,PC,2,CQF,82,43,29,,10,96,9,5,228,210,18,San Jose Sharks,785,18,57,270,21.11111111111111,4,52,225,23.11111111111111,3
2011,NHL,STL,STL,WC,CE,1,CSF,82,49,22,,11,109,4,10,210,165,45,St. Louis Blues,1062,16,45,270,16.666666666666664,3,40,282,14.184397163120568,7
2011,NHL,TBL,TBL,EC,SE,3,,82,38,36,,8,84,3,3,235,281,-46,Tampa Bay Lightning,865,16,41,269,15.241635687732341,12,59,284,20.774647887323944,2
2011,NHL,TOR,TOR,EC,NE,4,,82,35,37,,10,80,4,5,231,264,-33,Toronto Maple Leafs,824,16,49,267,18.352059925093634,6,55,242,22.727272727272727,5
2011,NHL,VAN,VAN,WC,NW,1,CQF,82,51,22,,9,111,8,7,249,198,51,Vancouver Canucks,1049,10,57,288,19.791666666666664,4,40,286,13.986013986013987,7
2011,NHL,WAS,WAS,EC,SE,2,CSF,82,42,32,,8,92,4,4,222,230,-8,Washington Capitals,767,16,41,245,16.73469387755102,10,49,266,18.421052631578945,3
2011,NHL,WPG,WPG,EC,SE,4,,82,37,35,,10,84,4,4,225,246,-21,Winnipeg Jets,905,4,45,251,17.928286852589643,8,58,292,19.863013698630137,3
